nom,lat,lon
CONTRIE,47.2190308688269,-1.60089228893563
Pôle de Proximité Loire Chézine,47.2211297764476,-1.6398511714906
Piscine Ernest Renan,47.2154198758843,-1.61358066544455
Jardins Familiaux Preux,47.2181896912437,-1.61975405402328
UGC Ciné Cité Atlantis,47.2242998,-1.625475
Centre de Loisirs Associé à l'Ecole Soleil Levant,47.2195841797246,-1.61110802921535
Maternelle Elémentaire Diwan Bro Naoned,47.2196280223231,-1.60208521828833
Cinéma UGC Ciné Cité Atlantis,47.2237355946591,-1.6274592800264
Maternelle René Guy Cadou,47.2336176575467,-1.63215831511819
Centre de Loisirs Condorcet,47.2304177508518,-1.60592968221689
Pôle Emploi Saint-Herblain Atlantis,47.2180614611047,-1.62547767643363
Mini terrain Soleil Levant,47.2191310737388,-1.61308146823268
ONYX,47.2254932,-1.62885579
"EDF GDF, Agence Atlantis Le Centre",47.2243956966139,-1.63319266848195
Parc relais tramway François Mitterrand,47.22170620087,-1.63948414305523
Maternelle Elémentaire Saint Joseph,47.2224606991267,-1.61996597817698
HOTEL F1 - SAINT HERBLAIN,47.2296141,-1.6338768
Manoir de La Bégraisière,47.2317274139793,-1.61445367434168
Cimetière de Tillay,47.2285753097876,-1.60846412152323
Jardins Familiaux Contrie,47.2190228560668,-1.60132017098239
Eglise Saint Thomas,47.2295783220167,-1.61766936593689
Gymnase Léo Lagrange,47.2222770416327,-1.62713242239754
Office Municipal des Sports Saint Herblain,47.2178282447014,-1.62074819678707
Elémentaire René Guy Cadou,47.2337964064034,-1.63234798586977
Centre socioculturel  Soleil Levant Crémetterie ACCOORD,47.2194050709075,-1.60979418433992
Pôle associatif Charles Perron,47.225060820897,-1.60167606693221
Foyer Thérapeutique de la Chicotière,47.2294545765428,-1.60532794255062
Maternelle Elémentaire Saint Pierre,47.2194017065965,-1.62246678213173
Maternelle Elémentaire Saint Pierre,47.2194017065965,-1.63086811217418
Maison de Retraite Résidence Les Bigourettes,47.2249650651944,-1.61262145998403
Bibliothèque René Guy Cadou,47.2162824752022,-1.6321981686442
Bibliothèque René Guy Cadou,47.2339570273724,-1.6321981686442
Halte Garderie Soleil Levant,47.2197024143897,-1.61069329614517
ZENITH NANTES METROPOLE,47.2308272,-1.6286602
Elémentaire Soleil Levant,47.220016779738,-1.6118631112578
Centre Sportif du Vigneau,47.2178119949744,-1.62123984404811
Domicile Collectif Tillay,47.2289174091662,-1.60547771830935
Plaine de Jeux Preux 1,47.2177042880879,-1.61641749684476
Bibliothèque Hermeland,47.2310356290076,-1.61642299205559
Atlantique Habitations,47.2254983288702,-1.61973394967988
Ecole Elémentaire Crémetterie,47.2156323657241,-1.60909931334529
Maternelle Soleil Levant,47.2199249360417,-1.61164401141651
Caisse Regionale Assurance Maladie Tourmaline,47.2203095323903,-1.63301859042231
Maternelle Châtaigniers,47.2201179938899,-1.60055371425699
Aire de covoiturage Norauto Atlantis,47.2257239248911,-1.62624641113902
Crèche associative Les Doudous sous l'Olivier,47.2210729059877,-1.62760288078862
Elémentaire Châtaigniers,47.2197827467309,-1.60215424741396
Agence Culturelle,47.2306965638753,-1.6161824009593
Lieux Accueil Parents Enfants Le Sablier,47.2249928015371,-1.60147088276015
Parc de la Bégraisière,47.2321206117488,-1.62211740932938
Ludothèque Soleil Levant,47.2194692605078,-1.60961092227103
Zénith de Nantes Métropole,47.2288969947086,-1.62788834263075
EDF GDF Services Saint Herblain,47.222919192624,-1.63852606148431
Poste Centrale de Preux,47.2182143469453,-1.61374594773236
Accueil Parents Enfants Preux Cremetterie,47.2208270382413,-1.61654425307332
Crèche Preux,47.2209296233851,-1.61662322412053
MEDIATHEQUE HERMELAND,47.2306,-1.61432049
Parc relais tramway Frachon,47.2186961365515,-1.62163336178234
Domicile Collectif Crémetterie,47.2176927624389,-1.60770910139509
Polyclinique de l'Atlantique,47.2268963032112,-1.6105481956649
Crèche Familiale Soleil Levant,47.2196591745482,-1.61095385699719
Salle municipale associative Perron,47.2249128780838,-1.6013505001932
Ecole Maternelle Crémetterie,47.2157685273769,-1.60848168577711
Elémentaire Condorcet,47.2310036737641,-1.60590555044479
Marché du Tillay,47.229413670385,-1.60835932648516
Bibliothèque Adèle'H,47.2193168750814,-1.60976309046206
ATLANTYS HOTEL,47.2277557,-1.6330708
Maternelle Condorcet,47.2308043526394,-1.60570785327337
Cinéma Pathé Atlantis,47.2224263352114,-1.62882299364379
Eglise Protestante Evangéliste Nantes-Ouest,47.2178401989156,-1.6022595516947
Clinique Urologique Nantes Atlantique,47.2223981246018,-1.6354687638856
Atelier Chantier d'Insertion ATAO Loc'Auto,47.2239721725916,-1.64027222072443
Maison de l'Emploi,47.2229402915408,-1.60635114960696
Maison de l'Emploi,47.2229402915408,-1.60161519660329
BALLADINS NANTES SAINT HERBLAIN,47.2296592,-1.6340139
Marché de la Crémetterie,47.218469598404,-1.60766773327885
Espace Culturel ONYX,47.2237998454043,-1.62929419147205
Unité d'Emploi Ouest,47.2238354328027,-1.63712504804288
Accueil Temporaire Les Bigourettes,47.2247785347913,-1.6127054028353
AGIL,47.2319122,-1.6343515
Plan Local Pour l'Emploi Saint Herblain,47.2226808759469,-1.63984188368743
Pathé Atlantis,47.2225519,-1.6262387
