﻿<?xml version="1.0" encoding="UTF-8"?>
<dspl xmlns="http://schemas.google.com/dspl/2010" xmlns:time="http://www.google.com/publicdata/dataset/google/time"
	xmlns:dp="http://www.data-publica.com/geo" xmlns:entity="http://www.google.com/publicdata/dataset/google/entity"
	xmlns:quantity="http://www.google.com/publicdata/dataset/google/quantity">
	<info>
		<name>
			<value> Cinéma en Loire-Atlantique</value>
		</name>
		<description>
			<value>Liste des cinéma en Loire-Atlantique</value>
		</description>
		<url>
			<value>
			    Alimentation auto
			</value>
		</url>
	</info>
	<provider>
		<name>
			<value>
				Propriétaire : Loire Atlantique Tourisme
				Licence : ODBL
			</value>
		</name>
		<url>
			<value>

				Alimentation auto
			</value>
		</url>
	</provider>
	<concepts>
		<concept id="NOM_DU_CINEMA" extends="dp:geoname">
			<info>
				<name>
					<value>Nom de l'établissement</value>
				</name>
				<totalName>
					<value />
				</totalName>
				<description>
					<value>Nom de l'établissement</value>
				</description>
			</info>
			<type ref="string" />
			<attribute id="is_filterable">
				<value>true</value>
			</attribute>
			<attribute id="is_displayed">
				<value>true</value>
			</attribute>
			<attribute id="statistics">
				<value>false</value>
			</attribute>
			<attribute id="is_percentage">
				<value>false</value>
			</attribute>
		</concept>
		<concept id="ADRESSE" extends="entity:entity">
			<info>
				<name>
					<value>Adresse de l'établissement</value>
				</name>
				<totalName>
					<value />
				</totalName>
				<description>
					<value>Adresse de l'établissement</value>
				</description>
			</info>
			<type ref="string" />
			<attribute id="is_filterable">
				<value>true</value>
			</attribute>
			<attribute id="is_displayed">
				<value>true</value>
			</attribute>
			<attribute id="statistics">
				<value>false</value>
			</attribute>
			<attribute id="is_percentage">
				<value>false</value>
			</attribute>
		</concept>
		<concept id="CP" extends="entity:entity">
			<info>
				<name>
					<value>Code postal</value>
				</name>
				<totalName>
					<value />
				</totalName>
				<description>
					<value>Code postal</value>
				</description>
			</info>
			<type ref="string" />
			<attribute id="is_filterable">
				<value>true</value>
			</attribute>
			<attribute id="is_displayed">
				<value>true</value>
			</attribute>
			<attribute id="statistics">
				<value>false</value>
			</attribute>
			<attribute id="is_percentage">
				<value>false</value>
			</attribute>
		</concept>
		<concept id="COMMUNE" extends="entity:entity">
			<info>
				<name>
					<value>Commune</value>
				</name>
				<totalName>
					<value />
				</totalName>
				<description>
					<value>Commune</value>
				</description>
			</info>
			<type ref="string" />
			<attribute id="is_filterable">
				<value>true</value>
			</attribute>
			<attribute id="is_displayed">
				<value>true</value>
			</attribute>
			<attribute id="statistics">
				<value>false</value>
			</attribute>
			<attribute id="is_percentage">
				<value>false</value>
			</attribute>
		</concept>
		<concept id="SITE_INTERNET" extends="entity:entity">
			<info>
				<name>
					<value>Site internet</value>
				</name>
				<totalName>
					<value />
				</totalName>
				<description>
					<value>Site internet</value>
				</description>
			</info>
			<type ref="string" />
			<attribute id="is_filterable">
				<value>true</value>
			</attribute>
			<attribute id="is_displayed">
				<value>true</value>
			</attribute>
			<attribute id="statistics">
				<value>false</value>
			</attribute>
			<attribute id="is_percentage">
				<value>false</value>
			</attribute>
		</concept>
	  <concept id="LATITUDE" extends="dp:latitude">
         <info>
            <name>
               <value>LATITUDE</value>
            </name>
            <totalName>
               <value/>
            </totalName>
            <description>
               <value>LATITUDE</value>
            </description>
         </info>
         <type ref="float"/>
         <attribute id="is_filterable">
            <value>true</value>
         </attribute>
         <attribute id="is_displayed">
            <value>true</value>
         </attribute>
         <attribute id="statistics">
            <value>false</value>
         </attribute>
         <attribute id="is_percentage">
            <value>false</value>
         </attribute>
      </concept>
      <concept id="LONGITUDE" extends="dp:longitude">
         <info>
            <name>
               <value>LONGITUDE</value>
            </name>
            <totalName>
               <value/>
            </totalName>
            <description>
               <value>LONGITUDE</value>
            </description>
         </info>
         <type ref="float"/>
         <attribute id="is_filterable">
            <value>true</value>
         </attribute>
         <attribute id="is_displayed">
            <value>true</value>
         </attribute>
         <attribute id="statistics">
            <value>false</value>
         </attribute>
         <attribute id="is_percentage">
            <value>false</value>
         </attribute>
      </concept>
	</concepts>
	<slices>
		<slice id="vignobles_et_decouvertes_SLI">
			<dimension concept="NOM_DU_CINEMA" />
			<dimension concept="ADRESSE" />
			<dimension concept="CP" />
			<dimension concept="COMMUNE" />
			<dimension concept="SITE_INTERNET" />
			<dimension concept="LATITUDE" />
			<dimension concept="LONGITUDE" />
			<table ref="cinema_STBL" />
		</slice>
	</slices>
	<tables>
		<table id="cinema_STBL">
			<info>
				<name>
					<value>cinema_STBL</value>
				</name>
			</info>
			<column id="NOM_DU_CINEMA" type="string" />
			<column id="ADRESSE" type="string" />
			<column id="CP" type="string" />
			<column id="COMMUNE" type="string" />
			<column id="SITE_INTERNET" type="string" />
			<column id="LATITUDE" type="float"/>
			<column id="LONGITUDE" type="float"/>
			<data>
				<file encoding="UTF-8" format="csv">cinema.csv</file>
			</data>
		</table>
	</tables>
</dspl>
